layer_num,layer_name,layer_type,mean,std,min,max,percentile_2,percentile_5,percentile_95,percentile_98,percentile_99.5
3,diffusion_model.time_embed.0,Linear,-0.19102018,0.9611885,-8.846298,5.0439,-1.4428973197937012,-1.2664749920368195,0.04183951355516871,0.05275043845176697,0.06932896375656128
5,diffusion_model.time_embed.2,Linear,0.0025729192,0.08252076,-0.85405266,1.7819124,-0.010518527589738369,-0.00847165780141949,0.007516748877242123,0.009623643942177296,0.07192305475473404
8,diffusion_model.input_blocks.0.0,Conv2d,0.0034395466,0.3311844,-7.2364993,6.097705,-0.6885690689086914,-0.4651253759860992,0.45354136973619463,0.6623960733413696,1.1295746481418643
14,diffusion_model.input_blocks.1.0.in_layers.2,Conv2d,-0.12543318,0.9868946,-16.498869,18.892942,-2.6595969200134277,-1.8601227462291716,1.2325584888458248,1.6217525005340576,2.221130676269542
18,diffusion_model.input_blocks.1.0.emb_layers.1,Linear,0.06570641,0.34067285,-1.0888959,1.4175292,-0.6089962720870972,-0.44979364722967147,0.5995709866285318,0.8433384895324707,1.2399978637695312
23,diffusion_model.input_blocks.1.0.out_layers.3,Conv2d,-0.01729589,0.39880735,-16.388494,4.208866,-0.9532755613327026,-0.6591912060976028,0.5449398219585418,0.7494329214096069,1.1852166074514408
27,diffusion_model.input_blocks.1.1.proj_in,Linear,0.0006428101,0.2672229,-2.4857872,3.2153232,-0.5635262131690979,-0.40482981503009796,0.41036945283412923,0.5910511612892151,0.9721532830596014
31,diffusion_model.input_blocks.1.1.transformer_blocks.0.attn1.to_q,Linear,0.0014064435,1.4463421,-7.6124816,7.5995193,-3.0448131561279297,-2.390745484828949,2.391344201564788,3.042781114578247,3.885650540590289
32,diffusion_model.input_blocks.1.1.transformer_blocks.0.attn1.to_k,Linear,-0.0075209974,1.4046518,-7.6389823,6.958902,-2.9564759731292725,-2.3410345792770384,2.3198226571083067,2.943681240081787,3.736322861909878
33,diffusion_model.input_blocks.1.1.transformer_blocks.0.attn1.to_v,Linear,0.0023573248,0.5307016,-3.4871526,3.4046414,-1.1396942138671875,-0.8636207491159439,0.8755210816860196,1.158052682876587,1.546414253711704
35,diffusion_model.input_blocks.1.1.transformer_blocks.0.attn1.to_out.0,Linear,0.0005139791,0.24116667,-2.0055456,2.0305164,-0.5096675157546997,-0.37406274378299714,0.38213256746530533,0.533121645450592,0.8220338758826264
40,diffusion_model.input_blocks.1.1.transformer_blocks.0.ff.net.0.proj,Linear,-0.05117314,0.6015571,-8.189282,6.5242043,-1.4836764883995057,-1.0309276640415193,0.8323411434888834,1.0835135316848756,1.460664559602737
42,diffusion_model.input_blocks.1.1.transformer_blocks.0.ff.net.2,Linear,-0.002894836,0.35817957,-5.435513,3.578818,-0.739272198677063,-0.5345905780792236,0.5349364459514617,0.7161159729957582,0.984756503403188
44,diffusion_model.input_blocks.1.1.transformer_blocks.0.attn2.to_q,Linear,0.035317242,0.40940058,-2.159494,2.3881857,-0.8563600778579712,-0.6092645406723023,0.719354012608528,1.0826419591903687,1.4139797043800395
45,diffusion_model.input_blocks.1.1.transformer_blocks.0.attn2.to_k,Linear,-0.009243401,3.8819194,-25.188126,17.723454,-8.495496063232421,-5.566627502441406,5.398499727249144,8.134298057556157,12.933762807846028
46,diffusion_model.input_blocks.1.1.transformer_blocks.0.attn2.to_v,Linear,-0.006465387,0.6976672,-6.4808254,6.3351574,-1.7017660760879516,-0.7861251831054688,0.7808147072792043,1.4956536293029785,3.259027746915815
48,diffusion_model.input_blocks.1.1.transformer_blocks.0.attn2.to_out.0,Linear,0.00032638916,0.06615269,-0.5885371,0.81425965,-0.12125229209661484,-0.09470128379762173,0.09011264629662036,0.11384226739406586,0.2510816043615357
53,diffusion_model.input_blocks.1.1.proj_out,Linear,-0.009620597,0.3202062,-3.8669314,16.47464,-0.681301965713501,-0.5237442314624786,0.5066442102193829,0.6691846442222598,0.9174209809303289
59,diffusion_model.input_blocks.2.0.in_layers.2,Conv2d,0.028427485,0.561859,-4.117994,3.7090445,-1.2660860109329224,-0.9469833672046661,0.8909700512886047,1.150870206356049,1.526516547203066
63,diffusion_model.input_blocks.2.0.emb_layers.1,Linear,0.032780718,0.12914036,-0.39801776,0.32120273,-0.28226572275161743,-0.21327414214611054,0.22464470490813246,0.26610273122787476,0.29961180686950684
68,diffusion_model.input_blocks.2.0.out_layers.3,Conv2d,0.018980162,0.49250078,-3.2901487,3.1059935,-0.9922872912883759,-0.7791291505098343,0.8336669534444807,1.063886308670044,1.3784172886610073
72,diffusion_model.input_blocks.2.1.proj_in,Linear,-0.0022445023,0.4228387,-5.6553617,3.7344449,-0.8458671438694,-0.598002341389656,0.6015281736850738,0.8414459598064423,1.3616980630159383
76,diffusion_model.input_blocks.2.1.transformer_blocks.0.attn1.to_q,Linear,0.0526499,1.454583,-7.049493,7.9247103,-2.9461687517166135,-2.3467769622802734,2.4382372975349424,3.0366479587554935,3.809400156736375
77,diffusion_model.input_blocks.2.1.transformer_blocks.0.attn1.to_k,Linear,0.06702355,1.526252,-7.4530883,7.542822,-3.111827821731567,-2.4650256872177123,2.5784222722053523,3.224638829231263,4.028536336421972
78,diffusion_model.input_blocks.2.1.transformer_blocks.0.attn1.to_v,Linear,0.0028265328,0.62673295,-4.5809627,4.1672955,-1.3242516803741455,-1.0162043690681457,1.0217617750167842,1.327876091003418,1.771963374018671
80,diffusion_model.input_blocks.2.1.transformer_blocks.0.attn1.to_out.0,Linear,-0.0084980475,0.31202447,-3.7175562,3.9776075,-0.6840554344654083,-0.4806115686893463,0.45452670007944107,0.6517561340332032,1.047244384288788
85,diffusion_model.input_blocks.2.1.transformer_blocks.0.ff.net.0.proj,Linear,0.045337383,0.5675666,-4.3661623,4.814768,-1.1529187726974488,-0.8857045233249664,0.9647060632705688,1.2283271336555481,1.6103632998466466
87,diffusion_model.input_blocks.2.1.transformer_blocks.0.ff.net.2,Linear,0.0085785,0.47562483,-3.4764054,6.227551,-0.9779097044467926,-0.7479871720075607,0.7766716510057448,1.0292178010940554,1.4579060286283503
89,diffusion_model.input_blocks.2.1.transformer_blocks.0.attn2.to_q,Linear,-0.012847916,0.30668578,-1.9920294,1.6921937,-0.8285884892940522,-0.533456352353096,0.4550243571400642,0.6779647910594941,0.9489088088274004
90,diffusion_model.input_blocks.2.1.transformer_blocks.0.attn2.to_k,Linear,0.16752659,4.032946,-24.384499,30.764933,-8.232628307342528,-5.100982189178467,5.922737121582031,9.808235168457031,18.064934263229365
91,diffusion_model.input_blocks.2.1.transformer_blocks.0.attn2.to_v,Linear,0.021573618,0.73174065,-6.662278,7.9306164,-1.6032923460006714,-0.6073923200368879,0.6411828339099861,1.9842327451705934,4.008553490638697
93,diffusion_model.input_blocks.2.1.transformer_blocks.0.attn2.to_out.0,Linear,-0.0031695717,0.065123245,-1.3220532,1.6753495,-0.13053990095853804,-0.08916412591934204,0.08319652825593948,0.1253239777684212,0.19917486794292938
98,diffusion_model.input_blocks.2.1.proj_out,Linear,0.011004936,0.6152149,-3.9166439,4.254822,-1.2737484383583069,-0.9924305260181427,1.0202452361583707,1.3135534620285045,1.723712735176088
101,diffusion_model.input_blocks.3.0.op,Conv2d,0.001094762,1.7664825,-14.61236,19.107317,-3.6702462816238404,-2.7504697680473327,2.8512420654296866,3.86787633895874,5.529542689323424
107,diffusion_model.input_blocks.4.0.in_layers.2,Conv2d,-0.10597892,0.74105006,-10.569417,4.333914,-1.900683560371399,-1.373423033952713,0.8817155063152308,1.130417335033416,1.502056106328968
111,diffusion_model.input_blocks.4.0.emb_layers.1,Linear,0.017236196,0.42328247,-8.591395,0.79791903,-0.3804125189781189,-0.23570858836174008,0.285084672272205,0.4102959632873535,0.564978301525116
116,diffusion_model.input_blocks.4.0.out_layers.3,Conv2d,-0.014140834,0.66086644,-5.088121,4.794464,-1.3953369975090026,-1.1021895468235017,1.0626954138278957,1.3370554208755485,1.6963129460811621
117,diffusion_model.input_blocks.4.0.skip_connection,Conv2d,0.0057648807,1.0691875,-10.403937,12.771433,-2.1919181632995604,-1.6537170469760893,1.694918805360794,2.275892238616941,3.332634791135788
120,diffusion_model.input_blocks.4.1.proj_in,Linear,0.0024606166,0.52923656,-7.09762,7.371499,-1.0761120223999023,-0.7728685289621353,0.7751904159784315,1.0548490595817557,1.727178685665133
124,diffusion_model.input_blocks.4.1.transformer_blocks.0.attn1.to_q,Linear,0.0034845532,1.0892663,-6.418404,6.957251,-2.3611401653289796,-1.7965788543224335,1.8036439239978779,2.357488183975219,3.1104445457458496
125,diffusion_model.input_blocks.4.1.transformer_blocks.0.attn1.to_k,Linear,0.019100938,1.1158115,-7.149541,7.261535,-2.3858749055862427,-1.811356681585312,1.8674233794212338,2.4488844490051243,3.250302175283435
126,diffusion_model.input_blocks.4.1.transformer_blocks.0.attn1.to_v,Linear,-0.0010943147,0.6824244,-5.152889,4.7382793,-1.431446099281311,-1.115603369474411,1.1117807626724243,1.428859984874725,1.8791735625267032
128,diffusion_model.input_blocks.4.1.transformer_blocks.0.attn1.to_out.0,Linear,-0.009952056,0.42842674,-4.8127604,4.5300956,-0.881634304523468,-0.6331262916326522,0.6153741508722306,0.8411018025875088,1.3554928237199804
133,diffusion_model.input_blocks.4.1.transformer_blocks.0.ff.net.0.proj,Linear,-0.034896675,0.61862236,-6.9442663,5.5668817,-1.466526927947998,-1.064964920282364,0.9062445223331448,1.168792221546171,1.5515604549646382
135,diffusion_model.input_blocks.4.1.transformer_blocks.0.ff.net.2,Linear,0.0033630617,0.6596157,-4.8772583,8.189775,-1.3012392449378967,-1.020158714056015,1.01733009815216,1.3256217908859242,1.9147624105215078
137,diffusion_model.input_blocks.4.1.transformer_blocks.0.attn2.to_q,Linear,-0.01219206,0.5828503,-4.2260165,3.4637325,-1.3066269016265868,-0.8039804279804229,0.7917446792125701,1.166853199005124,2.149131003618241
138,diffusion_model.input_blocks.4.1.transformer_blocks.0.attn2.to_k,Linear,0.09447965,3.4434128,-23.053844,21.867088,-6.608079452514648,-4.5955686330795285,4.83594419956207,6.7997645568847425,14.898154482841484
139,diffusion_model.input_blocks.4.1.transformer_blocks.0.attn2.to_v,Linear,-0.024398481,0.9767196,-9.528868,11.053088,-2.2504729890823363,-1.2213741719722748,1.216856616735458,1.773171081542967,3.144155502319336
141,diffusion_model.input_blocks.4.1.transformer_blocks.0.attn2.to_out.0,Linear,-0.001802521,0.08480529,-1.4793669,1.3643818,-0.1804674243927002,-0.1299707055091858,0.1269617520272731,0.16483626365661616,0.22005829527974147
146,diffusion_model.input_blocks.4.1.proj_out,Linear,-0.00010217728,0.87075144,-7.768912,7.4699774,-1.8160152459144592,-1.4268118917942048,1.4193115830421446,1.8055787467956539,2.3280610299110416
152,diffusion_model.input_blocks.5.0.in_layers.2,Conv2d,0.03625911,0.747327,-5.5594935,4.823536,-1.7264081358909606,-1.2649121761322022,1.165214794874191,1.471940128803253,1.914026482701302
156,diffusion_model.input_blocks.5.0.emb_layers.1,Linear,0.020770894,0.1930516,-1.216342,0.7394492,-0.444137305021286,-0.28249475657939876,0.28540509045123835,0.3767128586769104,0.5652828216552734
161,diffusion_model.input_blocks.5.0.out_layers.3,Conv2d,0.015179995,0.82136893,-5.101575,4.458923,-1.6927419924736022,-1.3283967614173888,1.360631370544433,1.7224991035461423,2.2154764938354496
165,diffusion_model.input_blocks.5.1.proj_in,Linear,0.00365963,0.75748825,-10.807565,17.623674,-1.4171487855911256,-1.1008832633495331,1.1008216202259056,1.4526082825660684,2.290843430757534
169,diffusion_model.input_blocks.5.1.transformer_blocks.0.attn1.to_q,Linear,-0.026580554,1.1778287,-6.3138175,6.121871,-2.4807397317886353,-1.9653396487236023,1.907116514444351,2.418035721778868,3.0872823059558923
170,diffusion_model.input_blocks.5.1.transformer_blocks.0.attn1.to_k,Linear,-0.01909662,1.2359229,-7.2915754,6.668475,-2.611219778060913,-2.0553160905838013,2.0137147307395926,2.5697036123275745,3.311825922727589
171,diffusion_model.input_blocks.5.1.transformer_blocks.0.attn1.to_v,Linear,-0.0031316725,0.68043256,-3.947353,4.0361376,-1.4252429270744325,-1.117909413576126,1.1107664108276367,1.418011083602905,1.8399753630161286
173,diffusion_model.input_blocks.5.1.transformer_blocks.0.attn1.to_out.0,Linear,-0.002978752,0.42669424,-8.458862,8.45784,-0.8512296199798584,-0.6413026928901672,0.6245990484952926,0.8240776896476744,1.223405423760415
178,diffusion_model.input_blocks.5.1.transformer_blocks.0.ff.net.0.proj,Linear,-0.053620994,0.5582205,-6.383587,15.042505,-1.2450425744056701,-0.9675364553928375,0.8511529624462124,1.1109730005264282,1.4788062161207205
180,diffusion_model.input_blocks.5.1.transformer_blocks.0.ff.net.2,Linear,0.0036375548,0.6844118,-14.90004,4.3686795,-1.289544961452484,-0.9854766637086868,1.0079749941825866,1.2920545887947081,1.687564796209338
182,diffusion_model.input_blocks.5.1.transformer_blocks.0.attn2.to_q,Linear,-0.016364273,0.63870597,-4.5313196,3.938275,-1.364606008529663,-0.9018167465925216,0.866661924123764,1.2385601377487179,2.257973333597184
183,diffusion_model.input_blocks.5.1.transformer_blocks.0.attn2.to_k,Linear,-0.018976657,3.1715615,-24.256271,21.386648,-6.157868242263794,-4.016018867492676,3.8755218982696533,5.909264249801626,15.232032775878906
184,diffusion_model.input_blocks.5.1.transformer_blocks.0.attn2.to_v,Linear,-0.060188662,0.9297433,-8.764526,8.650403,-2.422208981513977,-1.2030893325805663,0.9836627840995789,1.6847195982932979,3.5538535118103027
186,diffusion_model.input_blocks.5.1.transformer_blocks.0.attn2.to_out.0,Linear,-0.00020137851,0.097489886,-3.7447839,6.4097114,-0.16511737048625946,-0.11929022148251534,0.11561015322804434,0.15740378499031066,0.24696053214371208
191,diffusion_model.input_blocks.5.1.proj_out,Linear,-0.0011833863,1.218041,-24.856861,17.789314,-2.526947507858276,-1.9950738310813902,1.9968116402626037,2.540389761924743,3.286228955984116
194,diffusion_model.input_blocks.6.0.op,Conv2d,-0.016798219,3.251966,-27.233435,32.35708,-6.559596080780029,-5.018723678588867,5.216165256500238,7.10739182472229,10.53589511871338
200,diffusion_model.input_blocks.7.0.in_layers.2,Conv2d,-0.20541404,1.3166171,-22.451036,13.219901,-3.2474518632888794,-2.4375048637390138,1.544217771291732,2.0401917314529414,2.9903211307525632
204,diffusion_model.input_blocks.7.0.emb_layers.1,Linear,0.040013,0.60308814,-19.484455,3.2609074,-0.3796674311161041,-0.2509970173239708,0.3564168795943257,0.4817873239517212,0.7218878865242004
209,diffusion_model.input_blocks.7.0.out_layers.3,Conv2d,-0.005737373,1.2807254,-9.805533,10.971408,-2.6536878061294558,-2.096334254741669,2.0840609669685364,2.6495911884307857,3.44021342754364
210,diffusion_model.input_blocks.7.0.skip_connection,Conv2d,0.00016497872,1.7961195,-25.57084,20.838013,-3.649439172744751,-2.8210868358612062,2.8367626786231996,3.679307837486266,5.145387320518491
213,diffusion_model.input_blocks.7.1.proj_in,Linear,0.0019827555,0.74706304,-12.554718,13.852551,-1.469117178916931,-1.1438427090644836,1.149645721912384,1.4768557286262507,2.023155373334883
217,diffusion_model.input_blocks.7.1.transformer_blocks.0.attn1.to_q,Linear,-0.005069435,0.96638703,-6.178974,5.152136,-2.012365140914917,-1.5887979507446288,1.5743598818778988,1.9983090066909788,2.5788740634918206
218,diffusion_model.input_blocks.7.1.transformer_blocks.0.attn1.to_k,Linear,0.006440756,0.97244585,-5.47182,5.592511,-2.0323091411590575,-1.5837510168552398,1.6028155088424674,2.057764887809753,2.677086519002914
219,diffusion_model.input_blocks.7.1.transformer_blocks.0.attn1.to_v,Linear,-0.0028135818,0.64398295,-3.6315217,4.0195684,-1.3360338997840882,-1.0585065484046936,1.0541144847869872,1.332500703334808,1.703542895317077
221,diffusion_model.input_blocks.7.1.transformer_blocks.0.attn1.to_out.0,Linear,-0.0036319832,0.5695322,-9.781939,8.688218,-1.121671633720398,-0.8774219512939453,0.8747534275054927,1.130329082012176,1.539862393736839
226,diffusion_model.input_blocks.7.1.transformer_blocks.0.ff.net.0.proj,Linear,-0.2757207,0.8234273,-6.4085045,6.709092,-2.3295097589492797,-1.7726451218128205,0.9270418912172317,1.2371960711479169,1.6795345503091772
228,diffusion_model.input_blocks.7.1.transformer_blocks.0.ff.net.2,Linear,-0.003856978,0.94088966,-15.224522,13.418058,-1.8541327786445618,-1.4439431428909302,1.4378573477268213,1.8404850816726666,2.4422319221496576
230,diffusion_model.input_blocks.7.1.transformer_blocks.0.attn2.to_q,Linear,-0.019389097,0.59885055,-5.00434,4.6894274,-1.2000699853897094,-0.7671901047229767,0.718826413154602,1.034654343128204,2.6105309486389086
231,diffusion_model.input_blocks.7.1.transformer_blocks.0.attn2.to_k,Linear,-0.010175672,2.9308012,-19.123682,17.421919,-5.779571485519409,-4.16971492767334,4.145925521850586,5.774674415588379,12.894966053962644
232,diffusion_model.input_blocks.7.1.transformer_blocks.0.attn2.to_v,Linear,0.066609904,1.2440643,-5.6699924,8.287438,-2.428950700759888,-1.818537276983261,2.0600703239440916,3.042363491058349,4.724292345046995
234,diffusion_model.input_blocks.7.1.transformer_blocks.0.attn2.to_out.0,Linear,-0.00059420906,0.16370006,-4.1199107,4.1164436,-0.34953777492046356,-0.2626839354634285,0.25069627761840807,0.3325484925508499,0.4742006926238534
239,diffusion_model.input_blocks.7.1.proj_out,Linear,-0.019486343,1.7095646,-11.598439,17.56947,-3.5597991657257078,-2.8116007924079893,2.7789017200469965,3.5347816324234,4.574000318050384
245,diffusion_model.input_blocks.8.0.in_layers.2,Conv2d,-0.039261255,1.4605495,-24.358631,13.003532,-3.620810785293579,-2.6410818576812742,1.8902299761772123,2.438228774070739,3.379657149314879
249,diffusion_model.input_blocks.8.0.emb_layers.1,Linear,0.07414289,0.37256384,-9.387186,0.85080355,-0.5415446162223816,-0.441994845867157,0.38954645544290517,0.4542559087276459,0.6818731427192688
254,diffusion_model.input_blocks.8.0.out_layers.3,Conv2d,0.0644522,1.1760012,-13.095157,8.013617,-2.3861934852600095,-1.8465007603168486,1.9798094213008866,2.5281621026992798,3.3149351263046225
258,diffusion_model.input_blocks.8.1.proj_in,Linear,0.006647505,0.8844434,-17.411512,10.891557,-1.683700804710388,-1.2891150116920471,1.3113981842994684,1.682873826026916,2.2874542272090896
262,diffusion_model.input_blocks.8.1.transformer_blocks.0.attn1.to_q,Linear,0.00017659659,0.97301716,-4.8281326,4.700622,-2.008553261756897,-1.5947777152061462,1.6009869158267942,2.0148906946182215,2.552873797416686
263,diffusion_model.input_blocks.8.1.transformer_blocks.0.attn1.to_k,Linear,-0.0064295437,1.0031595,-5.6373425,5.9010506,-2.1019216680526736,-1.6481865406036378,1.6452949762344358,2.106716456413268,2.7254330229759205
264,diffusion_model.input_blocks.8.1.transformer_blocks.0.attn1.to_v,Linear,0.0021693497,0.6577811,-4.3319836,3.6719236,-1.369985659122467,-1.0769900321960448,1.0792372822761533,1.368175492286682,1.7591867941617962
266,diffusion_model.input_blocks.8.1.transformer_blocks.0.attn1.to_out.0,Linear,-0.0049051926,0.6376918,-13.020052,6.445976,-1.2539433932304382,-0.9664879649877548,0.9567143768072126,1.2251085567474362,1.645459378957748
271,diffusion_model.input_blocks.8.1.transformer_blocks.0.ff.net.0.proj,Linear,-0.32130003,0.82214856,-6.2784414,6.172469,-2.2676723766326905,-1.7912902772426604,0.9098716557025905,1.2426640701293934,1.7512880825996398
273,diffusion_model.input_blocks.8.1.transformer_blocks.0.ff.net.2,Linear,-0.0014099609,0.95549124,-9.200362,16.945826,-1.8083626770973205,-1.4020006120204924,1.3853221118450163,1.8269301819801311,2.785041816234588
275,diffusion_model.input_blocks.8.1.transformer_blocks.0.attn2.to_q,Linear,-0.002025517,0.800271,-6.7871904,6.5680246,-1.419759554862976,-0.9612665683031082,0.9607378959655755,1.3026193475723238,3.713210437297815
276,diffusion_model.input_blocks.8.1.transformer_blocks.0.attn2.to_k,Linear,0.015941512,2.385991,-15.40153,16.806921,-4.7176947593688965,-3.305774450302124,3.3754165172576904,4.8881120681762695,10.351491956710777
277,diffusion_model.input_blocks.8.1.transformer_blocks.0.attn2.to_v,Linear,0.015896652,1.2050341,-14.476992,11.016903,-2.41238555431366,-1.6199347972869873,1.6347752809524536,2.3673037719726486,4.81011703968037
279,diffusion_model.input_blocks.8.1.transformer_blocks.0.attn2.to_out.0,Linear,0.0016698373,0.1523476,-4.2317934,1.7969589,-0.3218100190162659,-0.21884579584002495,0.2230085894465446,0.32017522573471036,0.5072467732429502
284,diffusion_model.input_blocks.8.1.proj_out,Linear,-0.047111597,1.9081743,-13.060495,14.401375,-4.021226587295532,-3.155882549285889,3.072380101680749,3.944627685546875,5.165584001541135
287,diffusion_model.input_blocks.9.0.op,Conv2d,0.04727461,5.4205623,-54.8367,79.97697,-11.040539722442627,-8.180434656143188,8.202257394790644,11.63264938354492,19.72014926910391
293,diffusion_model.input_blocks.10.0.in_layers.2,Conv2d,0.056746285,0.9637024,-12.947664,9.283817,-2.195453095436096,-1.5417386829853057,1.5305628180503843,2.1632115125656126,3.3317277610301828
297,diffusion_model.input_blocks.10.0.emb_layers.1,Linear,0.096603304,0.18607414,-0.9509916,0.49672312,-0.3055410087108612,-0.20511957034468647,0.3655647143721579,0.4092766046524048,0.4683866798877716
302,diffusion_model.input_blocks.10.0.out_layers.3,Conv2d,-0.06288021,2.547758,-50.51793,20.44707,-5.579119052886963,-3.967960870265961,3.7931779861450194,5.188176498413086,7.514259798526753
309,diffusion_model.input_blocks.11.0.in_layers.2,Conv2d,-0.03382602,0.5960549,-6.359623,5.624914,-1.5689393663406372,-1.0680555164813994,0.7953283011913296,1.1628537940979005,1.8103245061635964
313,diffusion_model.input_blocks.11.0.emb_layers.1,Linear,0.09089025,0.10236469,-0.42123404,0.40767732,-0.18089622259140015,-0.11364924199879153,0.21032801643013946,0.2330136001110077,0.28479331731796265
318,diffusion_model.input_blocks.11.0.out_layers.3,Conv2d,0.044886325,1.8202106,-18.336126,14.121224,-3.864642548561096,-2.8796677112579343,2.942306351661682,3.8525788450241083,5.260610516071318
325,diffusion_model.middle_block.0.in_layers.2,Conv2d,0.028216422,0.4705681,-4.1565332,5.668641,-1.1842514514923095,-0.7433028280735016,0.6949186056852339,1.067060611248016,1.6954797881841637
329,diffusion_model.middle_block.0.emb_layers.1,Linear,0.12622808,0.13173506,-0.4710548,0.4036095,-0.228587806224823,-0.1644153982400894,0.2547066494822502,0.2760242223739624,0.33738261461257935
334,diffusion_model.middle_block.0.out_layers.3,Conv2d,-0.029499412,1.823995,-24.52462,16.222822,-4.0636170291900635,-2.942869520187378,2.7967252731323233,3.6716000986099244,5.051444737911223
338,diffusion_model.middle_block.1.proj_in,Linear,0.00071995927,0.44457406,-3.8945298,3.4843662,-0.9188503682613371,-0.7178240150213242,0.7209642976522446,0.9191150963306427,1.2001012587547293
342,diffusion_model.middle_block.1.transformer_blocks.0.attn1.to_q,Linear,0.007492982,0.5007192,-3.2065675,3.026196,-1.031860978603363,-0.8115462839603423,0.8256946325302124,1.0457988309860229,1.3451687645912145
343,diffusion_model.middle_block.1.transformer_blocks.0.attn1.to_k,Linear,-0.0033538637,0.53140295,-3.555056,3.3269997,-1.1335133957862853,-0.8755034357309341,0.8683158308267592,1.1273787236213682,1.4929362440109244
344,diffusion_model.middle_block.1.transformer_blocks.0.attn1.to_v,Linear,-0.000435103,0.65154076,-4.0530114,3.9743648,-1.3878156518936158,-1.0653482735157014,1.0606046140193939,1.3863697314262389,1.8370557230710958
346,diffusion_model.middle_block.1.transformer_blocks.0.attn1.to_out.0,Linear,-0.005073915,0.5170371,-2.3476613,3.0968027,-1.074696626663208,-0.8525461286306382,0.8386326909065245,1.0514511990547177,1.3536929637193675
351,diffusion_model.middle_block.1.transformer_blocks.0.ff.net.0.proj,Linear,-0.012074838,0.37096992,-8.171608,6.931765,-0.9559193158149719,-0.17029422223567958,0.17820315808057777,0.586478943824768,1.5405262374877964
353,diffusion_model.middle_block.1.transformer_blocks.0.ff.net.2,Linear,0.00088800024,0.52537245,-4.499901,4.372553,-1.0967477202415465,-0.8348981499671936,0.8432697683572767,1.1075905752182007,1.5554388660192462
355,diffusion_model.middle_block.1.transformer_blocks.0.attn2.to_q,Linear,0.020000402,0.813214,-4.2223983,3.7537065,-1.6919869899749755,-1.3131218910217286,1.350851160287857,1.6950548553466795,2.2163037872314444
356,diffusion_model.middle_block.1.transformer_blocks.0.attn2.to_k,Linear,-0.036790114,2.363668,-14.139477,9.85777,-5.229317455291748,-4.069195175170899,3.7406242132186844,4.798626899719238,6.665703005790696
357,diffusion_model.middle_block.1.transformer_blocks.0.attn2.to_v,Linear,0.00024176842,1.4626074,-8.335545,8.402922,-3.1167756795883177,-2.3271360993385315,2.3398075819015434,3.0973246097564697,4.932056457996243
359,diffusion_model.middle_block.1.transformer_blocks.0.attn2.to_out.0,Linear,0.005583946,0.20438382,-1.8698592,1.5562242,-0.42663399159908294,-0.32261341959238055,0.333016301691532,0.4368199378252029,0.6006654006242739
364,diffusion_model.middle_block.1.proj_out,Linear,0.0182226,1.5962973,-19.087677,21.200846,-3.416143789291382,-2.5205440402030943,2.4763512611389147,3.305450048446655,4.828004674911496
369,diffusion_model.middle_block.2.in_layers.2,Conv2d,0.062346164,0.5468553,-4.9633803,6.382867,-1.3138187551498413,-0.8235634356737136,0.851179113984108,1.2939492845535274,2.098250191211688
373,diffusion_model.middle_block.2.emb_layers.1,Linear,0.08063301,0.10934242,-0.4014721,0.4741167,-0.21559421718120575,-0.15114601179957388,0.20575100481510128,0.2387228012084961,0.26347488164901733
378,diffusion_model.middle_block.2.out_layers.3,Conv2d,-0.016112335,1.6925764,-20.694483,29.132372,-3.1538340616226197,-2.3278453946113586,2.5112676739692685,3.9474235200881957,7.421471352577174
386,diffusion_model.output_blocks.0.0.in_layers.2,Conv2d,0.022041002,0.600238,-5.7658935,7.6625495,-1.5878628492355347,-1.0885553717613219,0.8066475510597227,1.2116594457626337,1.9093164491653398
390,diffusion_model.output_blocks.0.0.emb_layers.1,Linear,0.078591794,0.094029024,-0.37811536,0.40568647,-0.171263188123703,-0.11508024744689457,0.18552041500806793,0.20792099833488464,0.2693448066711426
395,diffusion_model.output_blocks.0.0.out_layers.3,Conv2d,-0.13567057,2.3061159,-48.032166,43.093357,-6.224572038650512,-3.696823465824127,2.686613285541533,4.587329473495483,8.422136373519779
396,diffusion_model.output_blocks.0.0.skip_connection,Conv2d,0.017578216,3.0500133,-60.387455,44.976746,-6.5260723686218265,-4.332650685310364,4.46351773738861,6.675781488418576,10.640499358177152
402,diffusion_model.output_blocks.1.0.in_layers.2,Conv2d,-0.050709117,1.0152683,-8.467535,11.719718,-2.5630319547653198,-1.8762332022190094,1.3804661750793457,1.8698136234283445,2.729378161430358
406,diffusion_model.output_blocks.1.0.emb_layers.1,Linear,0.072873764,0.13088363,-0.4992811,0.89708334,-0.21745549142360687,-0.17264651879668236,0.2443612195551392,0.2744506895542145,0.3796460032463074
411,diffusion_model.output_blocks.1.0.out_layers.3,Conv2d,-0.11550346,1.9479538,-18.676565,25.660149,-4.7022551250457765,-2.9708659529685972,2.6201260209083554,4.370373373031613,7.854099318981143
412,diffusion_model.output_blocks.1.0.skip_connection,Conv2d,0.05679459,2.1606846,-27.413288,26.529526,-4.7465152931213375,-3.2349463939666747,3.2386107563972466,4.6011697101593,6.999770798683161
418,diffusion_model.output_blocks.2.0.in_layers.2,Conv2d,-0.16700965,1.6739074,-13.562242,14.799271,-4.323044376373291,-3.168726348876953,2.102590179443359,2.880141339302062,4.304641566276539
422,diffusion_model.output_blocks.2.0.emb_layers.1,Linear,0.04842167,0.16883607,-0.7458175,0.8542227,-0.31241723895072937,-0.22150104865431783,0.2825658410787579,0.35582268238067627,0.5729187726974487
427,diffusion_model.output_blocks.2.0.out_layers.3,Conv2d,0.0096809445,1.056211,-16.295933,23.658274,-1.9529436898231505,-1.0931651294231415,1.0914941251277923,2.0053179311752305,4.900456573963107
428,diffusion_model.output_blocks.2.0.skip_connection,Conv2d,0.0021363127,1.1675887,-9.4613085,9.557628,-2.4282557201385497,-1.8921153843402863,1.8941626727581022,2.415020108222961,3.1655851566791524
430,diffusion_model.output_blocks.2.1.conv,Conv2d,-0.073798396,2.0222967,-26.607573,42.19148,-4.5662774658203125,-2.4815149426460263,2.148371708393097,3.1970597457885734,7.794872844219207
436,diffusion_model.output_blocks.3.0.in_layers.2,Conv2d,-0.4194167,1.8971013,-25.527395,14.646248,-4.909936504364014,-3.6140460133552543,2.329255068302153,3.1329509925842274,4.367152893543243
440,diffusion_model.output_blocks.3.0.emb_layers.1,Linear,0.023754597,0.38242447,-10.862894,1.8086027,-0.5012071132659912,-0.2914688840508459,0.34701882600784295,0.45998919010162354,0.7368357181549072
445,diffusion_model.output_blocks.3.0.out_layers.3,Conv2d,-0.03718527,2.2301152,-24.920248,23.571444,-4.515882844924927,-3.468414568901062,3.3665737032890286,4.40143551826477,6.3082229161262395
446,diffusion_model.output_blocks.3.0.skip_connection,Conv2d,0.02308214,2.67381,-16.529388,18.321272,-5.500294227600097,-4.3308223485946655,4.41927659511566,5.6396541690826405,7.324071309566493
449,diffusion_model.output_blocks.3.1.proj_in,Linear,0.010222034,1.1197897,-20.383566,20.626652,-2.103245191574097,-1.5945582449436186,1.6265104591846455,2.117656469345092,3.096915246248245
453,diffusion_model.output_blocks.3.1.transformer_blocks.0.attn1.to_q,Linear,0.02091348,1.0210323,-6.058835,5.8564987,-2.135692210197449,-1.6534396648406982,1.6964186072349545,2.177741394042968,2.8326555967330926
454,diffusion_model.output_blocks.3.1.transformer_blocks.0.attn1.to_k,Linear,-0.0019666324,1.1077468,-6.3580317,6.5069437,-2.3925950574874877,-1.8216484785079956,1.816861867904663,2.378373155593872,3.123310083150862
455,diffusion_model.output_blocks.3.1.transformer_blocks.0.attn1.to_v,Linear,-0.0016176454,0.82252836,-5.3349867,4.9733076,-1.7195939493179322,-1.3518098652362822,1.3420634031295768,1.7042946720123284,2.207444667816162
457,diffusion_model.output_blocks.3.1.transformer_blocks.0.attn1.to_out.0,Linear,0.009698303,0.8373945,-14.431768,8.465098,-1.6737670421600341,-1.303213322162628,1.3255368053913115,1.69770192861557,2.26650668978691
462,diffusion_model.output_blocks.3.1.transformer_blocks.0.ff.net.0.proj,Linear,-0.17569432,0.7778662,-6.483093,6.8127193,-1.8728944969177246,-1.4658427476882934,1.0678793311119077,1.4318987631797775,1.9724961781501769
464,diffusion_model.output_blocks.3.1.transformer_blocks.0.ff.net.2,Linear,-0.016385205,1.1968955,-14.918334,22.747078,-2.331570782661438,-1.8187752425670622,1.7711131513118716,2.2769894075393675,3.071551636457441
466,diffusion_model.output_blocks.3.1.transformer_blocks.0.attn2.to_q,Linear,0.00622318,0.7195563,-6.9496183,6.01271,-1.3719946956634521,-0.93490070104599,0.9314009636640548,1.3556275439262386,3.271445589065551
467,diffusion_model.output_blocks.3.1.transformer_blocks.0.attn2.to_k,Linear,-0.06599691,2.34355,-16.2269,17.54449,-4.412268161773682,-3.155423641204834,3.112163543701172,4.32404899597168,8.874043397903028
468,diffusion_model.output_blocks.3.1.transformer_blocks.0.attn2.to_v,Linear,-0.024815163,1.1345652,-7.4760265,8.803855,-2.490060329437256,-1.7440671980381013,1.6364020943641662,2.266363258361814,3.601869369745241
470,diffusion_model.output_blocks.3.1.transformer_blocks.0.attn2.to_out.0,Linear,-0.0004987126,0.13955832,-4.7538514,2.411255,-0.2744204443693161,-0.1982707604765892,0.20329154729843135,0.2798139756917953,0.41171800062060354
475,diffusion_model.output_blocks.3.1.proj_out,Linear,-0.032192156,3.1035573,-34.466003,28.158775,-6.467744159698486,-5.104069948196411,5.017131590843199,6.3748805332183816,8.298340659141536
481,diffusion_model.output_blocks.4.0.in_layers.2,Conv2d,0.011340485,1.8555058,-25.901823,13.815173,-4.1060183715820315,-3.038107359409332,2.728945994377129,3.4913506984710665,4.657334628105161
485,diffusion_model.output_blocks.4.0.emb_layers.1,Linear,0.03463867,0.30747154,-2.2526994,1.1102175,-0.5610861778259277,-0.44783226996660225,0.4440034836530685,0.5375921130180359,0.7064225673675537
490,diffusion_model.output_blocks.4.0.out_layers.3,Conv2d,0.028456325,1.8446424,-12.407965,17.94833,-3.765024881362915,-2.9502705454826352,3.0210959792137135,3.9026230239868163,5.302578840255735
491,diffusion_model.output_blocks.4.0.skip_connection,Conv2d,-0.031822152,3.264842,-26.034512,25.325703,-6.73044942855835,-5.26953775882721,5.242932415008543,6.742237186431883,9.070647377967829
494,diffusion_model.output_blocks.4.1.proj_in,Linear,-0.011937395,1.2201976,-33.18379,24.36712,-2.266783776283264,-1.7484915554523468,1.7301714301109274,2.2321321201324453,3.0635851204395292
498,diffusion_model.output_blocks.4.1.transformer_blocks.0.attn1.to_q,Linear,-0.018933354,1.0101981,-5.839374,5.3972034,-2.114584217071533,-1.6756350219249725,1.6375601768493646,2.0727260112762442,2.661953797340393
499,diffusion_model.output_blocks.4.1.transformer_blocks.0.attn1.to_k,Linear,0.0061672307,1.1426395,-6.9933,6.571257,-2.399859275817871,-1.8638420224189758,1.8783212184906004,2.401809611320495,3.112003028392791
500,diffusion_model.output_blocks.4.1.transformer_blocks.0.attn1.to_v,Linear,-0.0010026934,0.75348026,-4.3524,4.5011144,-1.5614820671081542,-1.2346473276615142,1.2350805222988122,1.5604975867271416,2.0004757702350613
502,diffusion_model.output_blocks.4.1.transformer_blocks.0.attn1.to_out.0,Linear,-0.012957099,0.8661207,-21.315016,10.450867,-1.6451417350769042,-1.2872899711132049,1.275335013866423,1.6440242314338682,2.2472257649898526
507,diffusion_model.output_blocks.4.1.transformer_blocks.0.ff.net.0.proj,Linear,-0.36682165,0.9784964,-38.149498,19.69359,-2.677771220207214,-2.091135084629059,1.098569411039352,1.5190022468566866,2.1666239881515494
509,diffusion_model.output_blocks.4.1.transformer_blocks.0.ff.net.2,Linear,0.019329889,1.394548,-16.308924,36.682133,-2.4843883609771726,-1.9144736170768737,1.9218473672866785,2.493039016723632,3.4671392929553955
511,diffusion_model.output_blocks.4.1.transformer_blocks.0.attn2.to_q,Linear,-0.030012101,0.81639355,-6.3373914,6.528784,-1.4764140439033508,-1.030231910943985,0.9684947878122321,1.3157388448715204,3.842198358774185
512,diffusion_model.output_blocks.4.1.transformer_blocks.0.attn2.to_k,Linear,-0.021686045,2.5675514,-17.018562,15.1693,-5.3679399490356445,-3.7717204093933105,3.6816751956939697,5.09145450592041,10.776350331306126
513,diffusion_model.output_blocks.4.1.transformer_blocks.0.attn2.to_v,Linear,-0.017931778,1.5233613,-10.899056,8.246441,-3.478542113304138,-2.4951878786087036,2.3656930565834045,3.213493223190302,4.453230144977485
515,diffusion_model.output_blocks.4.1.transformer_blocks.0.attn2.to_out.0,Linear,0.001377232,0.17505558,-5.935458,2.6041758,-0.35116052031517025,-0.229591716080904,0.23524494394659967,0.3706153422594068,0.6465031212568277
520,diffusion_model.output_blocks.4.1.proj_out,Linear,0.017076937,3.2015934,-48.777325,32.702778,-6.617640857696533,-5.185992646217346,5.1983624458312985,6.596151533126823,8.605278410911547
526,diffusion_model.output_blocks.5.0.in_layers.2,Conv2d,-1.2040699,14.564498,-410.64926,32.9543,-5.396901588439941,-3.343472158908844,2.6572838068008386,3.4881958818435668,4.761131017208099
530,diffusion_model.output_blocks.5.0.emb_layers.1,Linear,0.018486384,0.3151684,-1.9201342,1.1944927,-0.7653967142105103,-0.4568553343415258,0.4847233265638328,0.68199622631073,0.8713001608848572
535,diffusion_model.output_blocks.5.0.out_layers.3,Conv2d,-0.030580573,1.2938471,-12.714191,15.828025,-2.698360161781311,-2.106091618537903,2.048244261741638,2.6580047035217262,3.596331102848053
536,diffusion_model.output_blocks.5.0.skip_connection,Conv2d,-9.9085395e-05,2.786935,-48.558865,49.44055,-5.638005247116089,-4.3693542003631585,4.367834758758541,5.651828117370604,7.779921648502347
539,diffusion_model.output_blocks.5.1.proj_in,Linear,-0.013891337,1.28015,-18.45995,352.63202,-2.070860295295715,-1.621226108074188,1.5721411883831022,2.0306533956527706,2.7858267581462846
543,diffusion_model.output_blocks.5.1.transformer_blocks.0.attn1.to_q,Linear,-0.0016337787,1.038874,-5.4337244,5.2311916,-2.14350923538208,-1.7046796441078187,1.7087753057479858,2.160314617156982,2.7554907131195057
544,diffusion_model.output_blocks.5.1.transformer_blocks.0.attn1.to_k,Linear,0.016726159,1.1204306,-6.4770555,5.645836,-2.3247446537017824,-1.8195422649383544,1.8590231001377098,2.3684347629547116,3.0435062074661228
545,diffusion_model.output_blocks.5.1.transformer_blocks.0.attn1.to_v,Linear,-0.0029693954,0.67371863,-4.18115,4.3666916,-1.4012488985061644,-1.1047725677490234,1.1009224295616147,1.4026782131195068,1.822912921309471
547,diffusion_model.output_blocks.5.1.transformer_blocks.0.attn1.to_out.0,Linear,0.010369524,0.80987513,-19.43643,29.54828,-1.3004285407066345,-1.0238537251949311,1.023951029777526,1.3108099579811088,1.7261525690555573
552,diffusion_model.output_blocks.5.1.transformer_blocks.0.ff.net.0.proj,Linear,-0.22538519,0.66469437,-16.669525,7.5983253,-1.7526302170753478,-1.3620947778224946,0.7980165511369705,1.0926326513290405,1.5459393996000275
554,diffusion_model.output_blocks.5.1.transformer_blocks.0.ff.net.2,Linear,0.011240226,1.1942141,-47.52425,7.282705,-1.4617318177223204,-1.1116588234901428,1.1814418137073512,1.5196867585182179,2.030467722415924
556,diffusion_model.output_blocks.5.1.transformer_blocks.0.attn2.to_q,Linear,-0.0045149014,0.78836447,-6.4152875,6.9593744,-1.31075612783432,-0.9107592940330506,0.9101254969835268,1.2531141352653499,3.9679728341102596
557,diffusion_model.output_blocks.5.1.transformer_blocks.0.attn2.to_k,Linear,-0.01552758,2.2749481,-14.804057,13.165434,-4.572001810073853,-3.3618525981903074,3.522413492202759,4.798660755157471,7.685086436271648
558,diffusion_model.output_blocks.5.1.transformer_blocks.0.attn2.to_v,Linear,0.010706435,1.4451293,-11.785642,12.807574,-2.976632037162781,-2.209184455871582,2.169793128967285,3.1391755962371777,5.2068859553336315
560,diffusion_model.output_blocks.5.1.transformer_blocks.0.attn2.to_out.0,Linear,0.0040300665,0.4361462,-2.0215263,23.990164,-0.5688342046737671,-0.39077922850847246,0.38181945234537107,0.5701093912124631,0.8907400080561634
565,diffusion_model.output_blocks.5.1.proj_out,Linear,0.033952225,2.66507,-62.50174,53.28551,-5.246109161376953,-4.086055302619934,4.1520498991012555,5.312654333114623,7.05963889122009
567,diffusion_model.output_blocks.5.2.conv,Conv2d,-0.04442853,8.242398,-346.54626,178.97615,-16.89573978424072,-12.607833909988404,12.853265333175656,17.67922939300537,25.907060909271255
573,diffusion_model.output_blocks.6.0.in_layers.2,Conv2d,0.4220812,2.6278758,-57.71928,170.46797,-4.588334693908691,-3.396217608451843,4.564694666862485,6.331463651657104,9.5611208677292
577,diffusion_model.output_blocks.6.0.emb_layers.1,Linear,0.011343812,0.36286426,-2.014268,1.611642,-0.6270779371261597,-0.5130376785993576,0.6551711618900298,0.8478374481201172,1.142591118812561
582,diffusion_model.output_blocks.6.0.out_layers.3,Conv2d,-0.10172415,3.0088296,-128.72256,167.45737,-5.424376487731934,-4.194888806343078,3.9669116020202635,5.188486614227291,7.133030655384073
583,diffusion_model.output_blocks.6.0.skip_connection,Conv2d,-0.015693197,4.271275,-33.072292,30.919596,-8.838517627716065,-6.920450568199158,6.928167533874509,8.866724376678466,11.692672076225291
586,diffusion_model.output_blocks.6.1.proj_in,Linear,-0.015728267,1.8008747,-102.759605,431.70953,-3.141297960281372,-2.3316794514656065,2.2734467625617976,3.186710762977593,6.443154621124286
590,diffusion_model.output_blocks.6.1.transformer_blocks.0.attn1.to_q,Linear,0.0049574603,1.2941955,-6.772753,7.0008545,-2.703337697982788,-2.119703233242035,2.134270429611205,2.7122245931625364,3.4750744175910997
591,diffusion_model.output_blocks.6.1.transformer_blocks.0.attn1.to_k,Linear,-0.0137828505,1.4719784,-9.115331,7.9367423,-3.0894839000701904,-2.4275335311889648,2.3964986562728856,3.05988908290863,3.9503211617469853
592,diffusion_model.output_blocks.6.1.transformer_blocks.0.attn1.to_v,Linear,-0.0046706605,1.0599145,-7.1637673,7.8125176,-2.2335178661346435,-1.734456092119217,1.7198377668857572,2.2121897029876703,2.909848041534424
594,diffusion_model.output_blocks.6.1.transformer_blocks.0.attn1.to_out.0,Linear,0.026496358,1.1113139,-11.826272,18.083025,-2.1860319852828978,-1.6526351571083069,1.7104374647140501,2.29399995803833,3.6812339556217197
599,diffusion_model.output_blocks.6.1.transformer_blocks.0.ff.net.0.proj,Linear,-0.07069529,0.85994226,-19.779158,13.439808,-1.9651212239265443,-1.4841954827308654,1.3160468399524685,1.7279018282890308,2.309248685836792
601,diffusion_model.output_blocks.6.1.transformer_blocks.0.ff.net.2,Linear,-0.001526086,1.5978638,-90.9282,59.423264,-2.940706191062927,-2.1929953694343567,2.1901485323905936,2.8121018457412714,3.7234921658039117
603,diffusion_model.output_blocks.6.1.transformer_blocks.0.attn2.to_q,Linear,0.032604944,0.7828495,-5.5387516,5.5625696,-1.3333581471443177,-0.9827253848314285,1.059944289922714,1.7270295381546004,4.016589403152469
604,diffusion_model.output_blocks.6.1.transformer_blocks.0.attn2.to_k,Linear,-0.09410717,2.613676,-14.180484,13.545073,-6.865887575149537,-3.969716024398803,3.6702595114707948,5.134800348281859,8.9928339910507
605,diffusion_model.output_blocks.6.1.transformer_blocks.0.attn2.to_v,Linear,0.02674039,1.7629417,-12.341555,14.207678,-3.733463559150696,-2.4874021649360656,2.624547219276428,3.9568834781646647,7.334593772888184
607,diffusion_model.output_blocks.6.1.transformer_blocks.0.attn2.to_out.0,Linear,0.01141533,0.49983302,-3.7002387,11.902354,-0.8437378966808319,-0.5565430462360382,0.5686997801065443,0.868268189430236,2.396167869567872
612,diffusion_model.output_blocks.6.1.proj_out,Linear,0.0913225,5.026725,-464.74725,143.62462,-9.127057647705078,-7.099761152267456,7.308788776397696,9.307665061950674,12.21473593235016
618,diffusion_model.output_blocks.7.0.in_layers.2,Conv2d,-0.0034870221,0.73265636,-34.00657,14.429169,-1.5427809357643127,-1.1683082938194274,1.1157891333103178,1.4450752305984487,1.914860425591469
622,diffusion_model.output_blocks.7.0.emb_layers.1,Linear,0.009038193,0.21234359,-0.97037977,0.8012992,-0.5087324976921082,-0.2737986043095586,0.3712376520037644,0.5127651691436768,0.6970133781433105
627,diffusion_model.output_blocks.7.0.out_layers.3,Conv2d,-0.001992922,1.2201729,-17.674498,13.15048,-2.524671607017517,-1.9927580535411835,1.9907551109790798,2.526382627487182,3.2590913224220346
628,diffusion_model.output_blocks.7.0.skip_connection,Conv2d,0.009072089,2.555701,-142.86359,104.06603,-4.854986667633057,-3.7816565752029416,3.8229248642921414,4.933316059112549,6.609020371437092
631,diffusion_model.output_blocks.7.1.proj_in,Linear,0.00045513158,1.0686445,-65.70205,223.52428,-1.8397705698013305,-1.3165953576564788,1.3078744351863851,1.9016355443000768,3.9724164927005803
635,diffusion_model.output_blocks.7.1.transformer_blocks.0.attn1.to_q,Linear,-0.01574822,1.1760527,-6.386438,6.2336235,-2.535702219009399,-1.955556285381317,1.922265118360519,2.508612332344055,3.3125560545921386
636,diffusion_model.output_blocks.7.1.transformer_blocks.0.attn1.to_k,Linear,0.00093168166,1.379023,-8.091815,8.4852495,-2.989873309135437,-2.2839219689369203,2.2686419486999494,2.9559131669998155,3.897247625589371
637,diffusion_model.output_blocks.7.1.transformer_blocks.0.attn1.to_v,Linear,0.006178102,0.9763101,-6.026539,6.288479,-2.0557817077636718,-1.589180988073349,1.607237035036087,2.0911827754974364,2.7649284565448764
639,diffusion_model.output_blocks.7.1.transformer_blocks.0.attn1.to_out.0,Linear,0.022800798,0.8699123,-9.47415,18.103035,-1.4934429001808167,-1.0999639987945558,1.1313803434371947,1.5979246377944922,2.981907734870921
644,diffusion_model.output_blocks.7.1.transformer_blocks.0.ff.net.0.proj,Linear,-0.04401321,0.73984766,-7.6666856,6.341457,-1.7441083002090454,-1.29200137257576,1.1074478745460503,1.437360064983364,1.9149993908405305
646,diffusion_model.output_blocks.7.1.transformer_blocks.0.ff.net.2,Linear,-0.007713175,1.0208826,-20.995564,8.31127,-1.8103235864639282,-1.373258113861084,1.388980084657669,1.771971445083615,2.3172134113311778
648,diffusion_model.output_blocks.7.1.transformer_blocks.0.attn2.to_q,Linear,-0.021920972,0.7672029,-5.983549,4.9710407,-1.5483963966369627,-1.062990313768387,1.0070391476154321,1.4310322761535605,3.0491635704040547
649,diffusion_model.output_blocks.7.1.transformer_blocks.0.attn2.to_k,Linear,-0.035684653,2.465474,-14.6070595,14.672934,-4.89021502494812,-3.4935848712921143,3.567967414855957,5.595614433288574,10.655583753585795
650,diffusion_model.output_blocks.7.1.transformer_blocks.0.attn2.to_v,Linear,0.0063700457,1.2576423,-12.386367,10.922293,-2.4737939119338987,-1.529486060142517,1.6494095325469966,2.8530002403259247,5.545783042907715
652,diffusion_model.output_blocks.7.1.transformer_blocks.0.attn2.to_out.0,Linear,-0.00017863483,0.107061304,-1.9416804,3.4197924,-0.1842756304144859,-0.11284476220607757,0.11224748380482197,0.20578996717929776,0.4317893996834755
657,diffusion_model.output_blocks.7.1.proj_out,Linear,0.018639961,2.305717,-93.88436,83.199005,-4.437814636230469,-3.471264600753784,3.5105090618133543,4.475390720367429,5.818267917633058
663,diffusion_model.output_blocks.8.0.in_layers.2,Conv2d,-0.00020148707,0.5407638,-22.507175,4.035598,-1.1615302562713623,-0.8629821628332138,0.8005846649408339,1.0269643425941464,1.3506117892265328
667,diffusion_model.output_blocks.8.0.emb_layers.1,Linear,0.01656106,0.20357616,-1.9323356,0.64436626,-0.45705080032348633,-0.22111002281308165,0.29509691298007856,0.3901160657405853,0.5732741951942444
672,diffusion_model.output_blocks.8.0.out_layers.3,Conv2d,-0.010564927,0.7196942,-4.8637443,4.6870456,-1.501011519432068,-1.1932948112487793,1.169726777076721,1.47440532207489,1.8737771749496464
673,diffusion_model.output_blocks.8.0.skip_connection,Conv2d,0.0066052694,1.6097783,-72.15189,63.996513,-3.1026643657684327,-2.4129587531089784,2.4133466243743893,3.0944579887390122,4.112531452178956
676,diffusion_model.output_blocks.8.1.proj_in,Linear,-0.0071872687,0.86611104,-83.8823,142.7775,-1.5141495561599732,-1.1134721040725708,1.0897531390190112,1.495488805770873,2.826936370134366
680,diffusion_model.output_blocks.8.1.transformer_blocks.0.attn1.to_q,Linear,0.0015191709,1.1002433,-7.6824846,6.4894805,-2.3399648523330687,-1.8118122875690459,1.8041077375411985,2.3129446125030513,2.9998019230365824
681,diffusion_model.output_blocks.8.1.transformer_blocks.0.attn1.to_k,Linear,0.018819196,1.3659337,-8.928416,8.45485,-2.893764963150024,-2.194516909122467,2.279263496398925,2.995621881484985,4.0043168997764615
682,diffusion_model.output_blocks.8.1.transformer_blocks.0.attn1.to_v,Linear,-0.0006056666,0.7297566,-6.391157,5.4084105,-1.5704151153564452,-1.1809355080127715,1.1810831367969508,1.5710145187377924,2.1456307792663587
684,diffusion_model.output_blocks.8.1.transformer_blocks.0.attn1.to_out.0,Linear,0.010483237,0.5498553,-7.4061785,7.2647343,-1.0554671311378478,-0.7942567318677902,0.8136872112751007,1.083480565547943,1.786810063123704
689,diffusion_model.output_blocks.8.1.transformer_blocks.0.ff.net.0.proj,Linear,-0.073910974,0.5946838,-9.206549,6.1647124,-1.448904526233673,-1.023109793663025,0.7852161586284634,1.0344565415382383,1.4242360979318653
691,diffusion_model.output_blocks.8.1.transformer_blocks.0.ff.net.2,Linear,0.005691101,0.770547,-20.936468,15.945254,-0.9699552059173584,-0.7278396308422088,0.7460492879152298,0.9651895332336415,1.318989542722702
693,diffusion_model.output_blocks.8.1.transformer_blocks.0.attn2.to_q,Linear,-0.04964322,0.6786324,-4.8185186,4.682135,-1.735845477581024,-1.0068215250968933,0.8566477447748184,1.2226276707649222,2.46356137633324
694,diffusion_model.output_blocks.8.1.transformer_blocks.0.attn2.to_k,Linear,0.15297939,2.6070678,-15.778933,24.188435,-4.727857074737549,-3.3878684043884277,3.8788264393806435,6.466637277603109,11.207472844123838
695,diffusion_model.output_blocks.8.1.transformer_blocks.0.attn2.to_v,Linear,0.065464064,1.007584,-8.655886,12.521,-1.884475932121277,-1.2399469792842865,1.4838870763778687,2.516873135566702,4.904108974933599
697,diffusion_model.output_blocks.8.1.transformer_blocks.0.attn2.to_out.0,Linear,0.0011023576,0.24935502,-4.610391,7.5450754,-0.2819239342212677,-0.20061869993805886,0.20162131711840614,0.286367174386978,0.4447991086542609
702,diffusion_model.output_blocks.8.1.proj_out,Linear,0.00040627804,1.4868952,-59.104862,63.48877,-2.8391675424575804,-2.241609811782837,2.2416918992996195,2.8368361806869493,3.660987625122072
704,diffusion_model.output_blocks.8.2.conv,Conv2d,0.04911622,3.7604964,-292.28937,35.292244,-7.417221908569336,-5.538114070892334,5.655937695503234,7.538864765167233,10.520606718063348
710,diffusion_model.output_blocks.9.0.in_layers.2,Conv2d,0.06185389,1.0375118,-6.5553136,36.329205,-2.107095537185669,-1.6064476549625397,1.776597708463668,2.264462633132935,2.9436885583400736
714,diffusion_model.output_blocks.9.0.emb_layers.1,Linear,0.0049153822,0.18959716,-0.39697847,0.7344698,-0.34752967953681946,-0.2676379024982452,0.38128186166286465,0.4400908052921295,0.6249008178710938
719,diffusion_model.output_blocks.9.0.out_layers.3,Conv2d,-0.04485551,0.94275075,-6.4070325,11.0996895,-2.0376441049575806,-1.6005615651607514,1.487269639968872,1.9077447152137759,2.4807544112205524
720,diffusion_model.output_blocks.9.0.skip_connection,Conv2d,0.027545772,1.3189187,-9.836133,11.003943,-2.76057400226593,-2.0995938181877136,2.1587920904159543,2.810584716796875,3.805064276456834
723,diffusion_model.output_blocks.9.1.proj_in,Linear,0.0027930448,0.56920147,-5.8250084,7.124753,-1.1863430404663087,-0.7874911308288575,0.7804921209812162,1.257215042114258,2.450904474258426
727,diffusion_model.output_blocks.9.1.transformer_blocks.0.attn1.to_q,Linear,0.017685879,1.3986669,-7.355925,8.025641,-2.87299045085907,-2.2831544399261476,2.3193141579627987,2.902254095077515,3.6433970594406135
728,diffusion_model.output_blocks.9.1.transformer_blocks.0.attn1.to_k,Linear,0.024132904,1.5581064,-7.4512005,7.8810034,-3.207083716392517,-2.5492232203483582,2.5946366429328913,3.242857184410095,4.063226041793824
729,diffusion_model.output_blocks.9.1.transformer_blocks.0.attn1.to_v,Linear,4.8512276e-05,0.80627346,-4.9865932,4.6598935,-1.6889935731887817,-1.3225605249404908,1.3193553805351257,1.6794362354278565,2.1718617177009594
731,diffusion_model.output_blocks.9.1.transformer_blocks.0.attn1.to_out.0,Linear,-0.0007810454,0.5176122,-5.204544,4.432222,-1.1110924243927003,-0.7364960521459579,0.7563501566648481,1.1355837035179142,2.006506514549259
736,diffusion_model.output_blocks.9.1.transformer_blocks.0.ff.net.0.proj,Linear,0.16048184,0.75000215,-6.734406,6.781985,-1.4180974531173707,-1.051714539527893,1.3926266431808472,1.7532315254211426,2.268723872900008
738,diffusion_model.output_blocks.9.1.transformer_blocks.0.ff.net.2,Linear,0.012929589,0.8084167,-6.1689076,5.728557,-1.712680823802948,-1.3058979570865632,1.3419911861419678,1.760237274169922,2.341080443859106
740,diffusion_model.output_blocks.9.1.transformer_blocks.0.attn2.to_q,Linear,-0.031731747,0.37117752,-2.0087442,2.0679123,-1.0414213514328003,-0.6830021768808365,0.48559288084506974,0.7438797342777255,1.2334106373786935
741,diffusion_model.output_blocks.9.1.transformer_blocks.0.attn2.to_k,Linear,0.046994597,3.2886066,-18.493126,17.572033,-7.140637340545653,-4.964915490150451,5.067310571670508,7.746645154953003,12.240541362762416
742,diffusion_model.output_blocks.9.1.transformer_blocks.0.attn2.to_v,Linear,-0.0024750698,0.81885624,-7.734585,9.759483,-2.0761715936660767,-0.9201328873634338,0.8625571876764281,2.1059403610229497,4.33712911605835
744,diffusion_model.output_blocks.9.1.transformer_blocks.0.attn2.to_out.0,Linear,-0.000331377,0.22604625,-1.599767,3.460855,-0.29827392578125,-0.19769957959651946,0.2022291556000709,0.27964169085025803,0.6653150296211279
749,diffusion_model.output_blocks.9.1.proj_out,Linear,0.022879397,1.7146065,-13.808246,15.2258,-3.6476453685760495,-2.762897992134094,2.7885421156883234,3.680726675987244,5.047468647956857
755,diffusion_model.output_blocks.10.0.in_layers.2,Conv2d,0.010399576,0.54432964,-3.6994896,3.9455266,-1.2013547158241271,-0.8978156626224518,0.8780426383018494,1.1540860962867736,1.5565935748815543
759,diffusion_model.output_blocks.10.0.emb_layers.1,Linear,0.025744637,0.14783876,-0.35283637,0.51913905,-0.2124091386795044,-0.1804371729493141,0.32907024621963443,0.37908944487571716,0.48258787393569946
764,diffusion_model.output_blocks.10.0.out_layers.3,Conv2d,0.01569346,0.68648815,-4.8763833,4.6812105,-1.4303785395622253,-1.1081383585929871,1.132441520690918,1.4496860074996951,1.8921808320283895
765,diffusion_model.output_blocks.10.0.skip_connection,Conv2d,0.011433745,0.8354523,-7.2318306,7.0382004,-1.7472209525108338,-1.3333392560482025,1.3599280476570128,1.7731453084945688,2.3997694289684333
768,diffusion_model.output_blocks.10.1.proj_in,Linear,-0.009410231,0.6166551,-6.9914412,6.7318125,-1.4543663811683654,-0.8173467129468918,0.7810374766588206,1.245366742610932,2.4261435031891043
772,diffusion_model.output_blocks.10.1.transformer_blocks.0.attn1.to_q,Linear,-0.009490633,1.6046078,-8.750966,8.256681,-3.32705331325531,-2.626725423336029,2.6501653909683225,3.3889341259002688,4.362968697547916
773,diffusion_model.output_blocks.10.1.transformer_blocks.0.attn1.to_k,Linear,-0.042736553,2.171328,-10.194681,9.485249,-4.352338361740112,-3.5639316916465758,3.5674362182617188,4.401827564239502,5.431276633739477
774,diffusion_model.output_blocks.10.1.transformer_blocks.0.attn1.to_v,Linear,0.005189577,0.50759465,-4.97788,5.5835905,-1.0413367938995362,-0.7867657601833343,0.801884689927101,1.0782775092124939,1.610703622102738
776,diffusion_model.output_blocks.10.1.transformer_blocks.0.attn1.to_out.0,Linear,0.00402844,0.52910537,-4.451117,5.4941373,-1.191111307144165,-0.702561867237091,0.7043912142515181,1.215754272937775,2.1888867378234913
781,diffusion_model.output_blocks.10.1.transformer_blocks.0.ff.net.0.proj,Linear,0.12595837,0.6534449,-10.100285,7.1384053,-1.2756440973281862,-0.9244083762168884,1.1554940104484537,1.4554534721374512,1.8873900997638664
783,diffusion_model.output_blocks.10.1.transformer_blocks.0.ff.net.2,Linear,0.0044710063,0.60951304,-4.7586217,9.683667,-1.2873680591583252,-0.9658224672079087,0.9643517911434173,1.3034528279304505,1.9019459670782197
785,diffusion_model.output_blocks.10.1.transformer_blocks.0.attn2.to_q,Linear,0.011792487,0.33712408,-1.6277391,1.6435964,-0.7540170621871948,-0.5370637238025665,0.6019634068012231,0.8864947545528414,1.0699861240386985
786,diffusion_model.output_blocks.10.1.transformer_blocks.0.attn2.to_k,Linear,-0.13203931,3.6047509,-18.157274,18.276085,-8.314836502075195,-6.116763234138489,5.680028915405273,7.927405815124512,12.327983136176996
787,diffusion_model.output_blocks.10.1.transformer_blocks.0.attn2.to_v,Linear,0.011881808,0.7131858,-7.321183,9.046738,-1.764909029006958,-0.7334099203348159,0.8228482156991958,1.9136303067207352,3.8562280857563
789,diffusion_model.output_blocks.10.1.transformer_blocks.0.attn2.to_out.0,Linear,-0.003413582,0.14548989,-2.5459847,1.4461517,-0.16017936706542968,-0.11669477932155133,0.12474825941026205,0.18805490016937265,0.6211887007951743
794,diffusion_model.output_blocks.10.1.proj_out,Linear,-0.0010113417,1.0579826,-13.6054735,17.516657,-2.265473108291626,-1.717169314622879,1.6982225298881526,2.242238750457764,3.067442228794103
800,diffusion_model.output_blocks.11.0.in_layers.2,Conv2d,-0.025335537,0.54534966,-4.234177,9.097574,-1.2564142394065856,-0.9499320656061172,0.8157984048128128,1.0606771898269656,1.429035935997966
804,diffusion_model.output_blocks.11.0.emb_layers.1,Linear,0.01769805,0.12830183,-0.57225215,0.73931456,-0.27189183235168457,-0.1795645423233509,0.2174591839313505,0.2790534198284149,0.4650506377220154
809,diffusion_model.output_blocks.11.0.out_layers.3,Conv2d,-0.04878969,0.9291919,-8.574872,8.814503,-2.0367138385772705,-1.5892513990402222,1.4421694576740265,1.850553059577942,2.418174889087687
810,diffusion_model.output_blocks.11.0.skip_connection,Conv2d,-0.0059122224,1.187242,-12.173295,11.817733,-2.6355569887161256,-1.9336879909038545,1.8751002073287957,2.5776233577728274,3.6646965086460144
813,diffusion_model.output_blocks.11.1.proj_in,Linear,-0.0093150465,0.40367654,-4.910802,5.438451,-0.7938751137256622,-0.5690189719200134,0.5441388726234435,0.7803678631782532,1.520835684537895
817,diffusion_model.output_blocks.11.1.transformer_blocks.0.attn1.to_q,Linear,0.0036007247,1.2693818,-6.707025,7.9044366,-2.6089418172836303,-2.0706513047218325,2.0985006928443903,2.6507800912857062,3.3734926140308428
818,diffusion_model.output_blocks.11.1.transformer_blocks.0.attn1.to_k,Linear,0.010620775,1.5626389,-8.105254,8.223642,-3.2448256635665893,-2.5544318675994875,2.5839152216911305,3.2689248847961427,4.1683739519119305
819,diffusion_model.output_blocks.11.1.transformer_blocks.0.attn1.to_v,Linear,-2.0588797e-05,0.4877054,-3.6354337,3.785095,-1.0538524174690247,-0.7970764249563217,0.7990007907152172,1.0580679774284367,1.4214714825153354
821,diffusion_model.output_blocks.11.1.transformer_blocks.0.attn1.to_out.0,Linear,0.0041408525,0.20120536,-2.3490446,2.0129004,-0.41406092762947083,-0.3044918373227119,0.3122190266847609,0.43548024177551276,0.6825754332542422
826,diffusion_model.output_blocks.11.1.transformer_blocks.0.ff.net.0.proj,Linear,0.031750068,0.6594003,-8.398309,5.750063,-1.4324001836776734,-1.056063061952591,1.0594473004341118,1.3688266062736512,1.8413597124814896
828,diffusion_model.output_blocks.11.1.transformer_blocks.0.ff.net.2,Linear,0.01870825,0.56533134,-4.8842173,5.0874305,-1.1924304175376892,-0.8965205579996108,0.9458403468132017,1.2520429921150207,1.6933776229619983
830,diffusion_model.output_blocks.11.1.transformer_blocks.0.attn2.to_q,Linear,0.02517001,0.28692442,-1.5671382,1.633656,-0.6526333367824554,-0.432102182507515,0.5041496962308882,0.7374737465381622,0.9484530746936801
831,diffusion_model.output_blocks.11.1.transformer_blocks.0.attn2.to_k,Linear,0.30551878,4.707142,-26.881348,20.992401,-11.140554885864258,-6.674013328552245,7.857068133354182,11.909038543701172,14.825881958007812
832,diffusion_model.output_blocks.11.1.transformer_blocks.0.attn2.to_v,Linear,0.01000607,0.7003833,-8.306398,7.020153,-1.6292517185211182,-0.6216493844985962,0.5934705793857566,1.7364826202392578,3.493093208074563
834,diffusion_model.output_blocks.11.1.transformer_blocks.0.attn2.to_out.0,Linear,0.0021344882,0.049758215,-1.8310477,1.1845045,-0.06891543030738831,-0.04995838738977909,0.05192755144089459,0.0716115613281727,0.19382678851485283
839,diffusion_model.output_blocks.11.1.proj_out,Linear,0.053234898,1.1755857,-13.13133,12.435947,-2.630668053627014,-1.9202206969261169,1.8908356308937069,2.473489727973938,3.3374135994911245
843,diffusion_model.out.2,Conv2d,0.001741921,0.7350053,-3.3520474,3.8085544,-1.5134652900695802,-1.2038039326667784,1.219050508737563,1.5365882563591005,1.9567736077308657
